id,prediction
clf_0,0.0
clf_1,1.0
clf_2,0.0
clf_3,0.0
clf_4,0.0
clf_5,0.0
clf_6,0.0
clf_7,0.0
clf_8,1.0
clf_9,0.0
clf_10,1.0
clf_11,0.0
clf_12,1.0
clf_13,0.0
clf_14,0.0
clf_15,1.0
clf_16,1.0
clf_17,1.0
clf_18,0.0
clf_19,0.0
clf_20,0.0
clf_21,1.0
clf_22,0.0
clf_23,0.0
clf_24,0.0
clf_25,0.0
clf_26,0.0
clf_27,0.0
clf_28,0.0
clf_29,0.0
clf_30,0.0
clf_31,1.0
clf_32,0.0
clf_33,0.0
clf_34,1.0
clf_35,1.0
clf_36,0.0
clf_37,0.0
clf_38,0.0
clf_39,0.0
clf_40,0.0
clf_41,0.0
clf_42,0.0
clf_43,0.0
clf_44,0.0
clf_45,0.0
clf_46,0.0
clf_47,0.0
clf_48,0.0
clf_49,0.0
clf_50,0.0
clf_51,0.0
clf_52,0.0
clf_53,1.0
clf_54,0.0
clf_55,0.0
clf_56,0.0
clf_57,0.0
clf_58,0.0
clf_59,1.0
clf_60,0.0
clf_61,0.0
clf_62,1.0
clf_63,0.0
clf_64,0.0
clf_65,0.0
clf_66,0.0
clf_67,0.0
clf_68,0.0
clf_69,0.0
clf_70,0.0
clf_71,1.0
clf_72,0.0
clf_73,0.0
clf_74,0.0
clf_75,1.0
clf_76,0.0
clf_77,0.0
clf_78,0.0
clf_79,0.0
clf_80,0.0
clf_81,0.0
clf_82,0.0
clf_83,1.0
clf_84,0.0
clf_85,0.0
clf_86,0.0
clf_87,0.0
clf_88,1.0
clf_89,0.0
clf_90,0.0
clf_91,1.0
clf_92,0.0
clf_93,0.0
clf_94,0.0
clf_95,0.0
clf_96,0.0
clf_97,0.0
clf_98,0.0
clf_99,0.0
clf_100,1.0
clf_101,0.0
clf_102,0.0
clf_103,0.0
clf_104,0.0
clf_105,0.0
clf_106,1.0
clf_107,1.0
clf_108,1.0
clf_109,1.0
clf_110,0.0
clf_111,1.0
clf_112,0.0
clf_113,0.0
clf_114,0.0
clf_115,1.0
clf_116,0.0
clf_117,0.0
clf_118,0.0
clf_119,0.0
clf_120,0.0
clf_121,0.0
clf_122,0.0
clf_123,0.0
clf_124,1.0
clf_125,0.0
clf_126,1.0
clf_127,0.0
clf_128,0.0
clf_129,0.0
clf_130,0.0
clf_131,1.0
clf_132,0.0
clf_133,0.0
clf_134,0.0
clf_135,0.0
clf_136,1.0
clf_137,1.0
clf_138,0.0
clf_139,0.0
clf_140,0.0
clf_141,0.0
clf_142,0.0
clf_143,0.0
clf_144,0.0
clf_145,1.0
clf_146,0.0
clf_147,1.0
clf_148,0.0
clf_149,0.0
clf_150,0.0
clf_151,0.0
clf_152,0.0
clf_153,0.0
clf_154,1.0
clf_155,0.0
clf_156,1.0
clf_157,0.0
clf_158,0.0
clf_159,0.0
clf_160,0.0
clf_161,0.0
clf_162,0.0
clf_163,0.0
clf_164,0.0
clf_165,0.0
clf_166,0.0
clf_167,0.0
clf_168,0.0
clf_169,0.0
clf_170,0.0
clf_171,0.0
clf_172,0.0
clf_173,0.0
clf_174,0.0
clf_175,1.0
clf_176,0.0
clf_177,1.0
clf_178,0.0
clf_179,0.0
clf_180,0.0
clf_181,1.0
clf_182,0.0
clf_183,1.0
clf_184,0.0
clf_185,1.0
clf_186,1.0
clf_187,0.0
clf_188,0.0
clf_189,1.0
clf_190,0.0
clf_191,0.0
clf_192,0.0
clf_193,1.0
clf_194,1.0
clf_195,1.0
clf_196,0.0
clf_197,0.0
clf_198,0.0
clf_199,1.0
clf_200,0.0
clf_201,0.0
clf_202,0.0
clf_203,0.0
clf_204,1.0
clf_205,1.0
clf_206,0.0
clf_207,0.0
clf_208,1.0
clf_209,0.0
clf_210,1.0
clf_211,1.0
clf_212,0.0
clf_213,0.0
clf_214,1.0
clf_215,0.0
clf_216,0.0
clf_217,0.0
clf_218,1.0
clf_219,0.0
clf_220,0.0
clf_221,1.0
clf_222,1.0
clf_223,0.0
clf_224,0.0
clf_225,0.0
clf_226,0.0
clf_227,0.0
clf_228,0.0
clf_229,0.0
clf_230,0.0
clf_231,0.0
clf_232,0.0
clf_233,1.0
clf_234,0.0
clf_235,0.0
clf_236,0.0
clf_237,0.0
clf_238,0.0
clf_239,0.0
clf_240,0.0
clf_241,0.0
clf_242,0.0
clf_243,0.0
clf_244,0.0
clf_245,0.0
clf_246,0.0
clf_247,0.0
clf_248,1.0
clf_249,0.0
clf_250,0.0
clf_251,0.0
clf_252,1.0
clf_253,0.0
clf_254,0.0
clf_255,1.0
clf_256,0.0
clf_257,0.0
clf_258,0.0
clf_259,1.0
clf_260,0.0
clf_261,1.0
clf_262,0.0
clf_263,0.0
clf_264,0.0
clf_265,1.0
clf_266,0.0
clf_267,0.0
clf_268,0.0
clf_269,0.0
clf_270,1.0
clf_271,0.0
clf_272,0.0
clf_273,0.0
clf_274,0.0
clf_275,0.0
clf_276,1.0
clf_277,0.0
clf_278,0.0
clf_279,0.0
clf_280,0.0
clf_281,1.0
clf_282,0.0
clf_283,0.0
clf_284,0.0
clf_285,0.0
clf_286,1.0
clf_287,0.0
clf_288,0.0
clf_289,0.0
clf_290,0.0
clf_291,0.0
clf_292,0.0
clf_293,0.0
clf_294,0.0
clf_295,0.0
clf_296,0.0
clf_297,0.0
clf_298,0.0
clf_299,0.0
clf_300,0.0
clf_301,0.0
clf_302,0.0
clf_303,0.0
clf_304,1.0
clf_305,0.0
clf_306,0.0
clf_307,0.0
clf_308,0.0
clf_309,0.0
clf_310,1.0
clf_311,0.0
clf_312,0.0
clf_313,0.0
clf_314,0.0
clf_315,0.0
clf_316,0.0
clf_317,0.0
clf_318,0.0
clf_319,0.0
clf_320,0.0
clf_321,0.0
clf_322,0.0
clf_323,0.0
clf_324,1.0
clf_325,1.0
clf_326,0.0
clf_327,0.0
clf_328,0.0
clf_329,1.0
clf_330,0.0
clf_331,0.0
clf_332,0.0
clf_333,1.0
clf_334,1.0
clf_335,0.0
clf_336,0.0
clf_337,0.0
clf_338,0.0
clf_339,0.0
clf_340,0.0
clf_341,1.0
clf_342,0.0
clf_343,0.0
clf_344,0.0
clf_345,1.0
clf_346,1.0
clf_347,0.0
clf_348,0.0
clf_349,1.0
clf_350,0.0
clf_351,0.0
clf_352,0.0
clf_353,1.0
clf_354,1.0
clf_355,0.0
clf_356,1.0
clf_357,1.0
clf_358,0.0
clf_359,0.0
clf_360,1.0
clf_361,1.0
clf_362,0.0
clf_363,0.0
clf_364,1.0
clf_365,0.0
clf_366,0.0
clf_367,0.0
clf_368,0.0
clf_369,1.0
clf_370,0.0
clf_371,0.0
clf_372,0.0
clf_373,1.0
clf_374,1.0
clf_375,0.0
clf_376,1.0
clf_377,0.0
clf_378,0.0
clf_379,0.0
clf_380,1.0
clf_381,0.0
clf_382,0.0
clf_383,0.0
clf_384,1.0
clf_385,0.0
clf_386,1.0
clf_387,0.0
clf_388,0.0
clf_389,0.0
clf_390,1.0
clf_391,0.0
clf_392,0.0
clf_393,1.0
clf_394,1.0
clf_395,1.0
clf_396,1.0
clf_397,1.0
clf_398,1.0
clf_399,0.0
clf_400,0.0
clf_401,0.0
clf_402,1.0
clf_403,1.0
clf_404,0.0
clf_405,0.0
clf_406,0.0
clf_407,1.0
clf_408,0.0
clf_409,0.0
clf_410,0.0
clf_411,1.0
clf_412,0.0
clf_413,0.0
clf_414,1.0
clf_415,1.0
clf_416,0.0
clf_417,1.0
clf_418,0.0
clf_419,0.0
clf_420,0.0
clf_421,0.0
clf_422,0.0
clf_423,0.0
clf_424,0.0
clf_425,0.0
clf_426,0.0
clf_427,0.0
clf_428,0.0
clf_429,0.0
clf_430,1.0
clf_431,0.0
clf_432,0.0
clf_433,1.0
clf_434,1.0
clf_435,0.0
clf_436,1.0
clf_437,1.0
clf_438,0.0
clf_439,1.0
clf_440,0.0
clf_441,0.0
clf_442,0.0
clf_443,0.0
clf_444,0.0
clf_445,0.0
clf_446,1.0
clf_447,0.0
clf_448,0.0
clf_449,0.0
clf_450,0.0
clf_451,0.0
clf_452,0.0
clf_453,0.0
clf_454,1.0
clf_455,0.0
clf_456,1.0
clf_457,0.0
clf_458,1.0
clf_459,0.0
clf_460,0.0
clf_461,0.0
clf_462,0.0
clf_463,0.0
clf_464,1.0
clf_465,1.0
clf_466,0.0
clf_467,1.0
clf_468,1.0
clf_469,1.0
clf_470,0.0
clf_471,1.0
clf_472,0.0
clf_473,0.0
clf_474,0.0
clf_475,1.0
clf_476,0.0
clf_477,0.0
clf_478,0.0
clf_479,0.0
clf_480,0.0
clf_481,0.0
clf_482,0.0
clf_483,0.0
clf_484,0.0
clf_485,0.0
clf_486,0.0
clf_487,0.0
clf_488,0.0
clf_489,0.0
clf_490,1.0
clf_491,1.0
clf_492,0.0
clf_493,0.0
clf_494,0.0
clf_495,0.0
clf_496,0.0
clf_497,1.0
clf_498,1.0
clf_499,0.0
clf_500,0.0
clf_501,0.0
clf_502,1.0
clf_503,1.0
clf_504,1.0
clf_505,0.0
clf_506,0.0
clf_507,0.0
clf_508,0.0
clf_509,0.0
clf_510,1.0
clf_511,0.0
clf_512,0.0
clf_513,0.0
clf_514,0.0
clf_515,1.0
clf_516,0.0
clf_517,0.0
clf_518,0.0
clf_519,1.0
clf_520,0.0
clf_521,0.0
clf_522,0.0
clf_523,0.0
clf_524,0.0
clf_525,0.0
clf_526,1.0
clf_527,1.0
clf_528,0.0
clf_529,1.0
clf_530,0.0
clf_531,0.0
clf_532,0.0
clf_533,0.0
clf_534,0.0
clf_535,1.0
clf_536,0.0
clf_537,0.0
clf_538,1.0
clf_539,1.0
clf_540,0.0
clf_541,0.0
clf_542,0.0
clf_543,0.0
clf_544,0.0
clf_545,0.0
clf_546,0.0
clf_547,1.0
clf_548,0.0
clf_549,0.0
clf_550,1.0
clf_551,1.0
clf_552,1.0
clf_553,1.0
clf_554,1.0
clf_555,0.0
clf_556,0.0
clf_557,0.0
clf_558,1.0
clf_559,0.0
clf_560,0.0
clf_561,0.0
clf_562,0.0
clf_563,0.0
clf_564,0.0
clf_565,0.0
clf_566,0.0
clf_567,0.0
clf_568,0.0
clf_569,1.0
clf_570,0.0
clf_571,0.0
clf_572,0.0
clf_573,0.0
clf_574,0.0
clf_575,0.0
clf_576,1.0
clf_577,0.0
clf_578,1.0
clf_579,0.0
clf_580,0.0
clf_581,1.0
clf_582,0.0
clf_583,0.0
clf_584,0.0
clf_585,0.0
clf_586,1.0
clf_587,1.0
clf_588,0.0
clf_589,0.0
clf_590,0.0
clf_591,1.0
clf_592,0.0
clf_593,0.0
clf_594,0.0
clf_595,1.0
clf_596,1.0
clf_597,1.0
clf_598,0.0
clf_599,1.0
clf_600,0.0
clf_601,0.0
clf_602,0.0
clf_603,0.0
clf_604,0.0
clf_605,0.0
clf_606,1.0
clf_607,0.0
clf_608,0.0
clf_609,0.0
clf_610,1.0
clf_611,1.0
clf_612,1.0
clf_613,0.0
clf_614,1.0
clf_615,1.0
clf_616,1.0
clf_617,0.0
clf_618,0.0
clf_619,0.0
clf_620,0.0
clf_621,1.0
clf_622,0.0
clf_623,0.0
clf_624,0.0
clf_625,0.0
clf_626,0.0
clf_627,0.0
clf_628,0.0
clf_629,0.0
clf_630,0.0
clf_631,0.0
clf_632,0.0
clf_633,0.0
clf_634,0.0
clf_635,1.0
clf_636,1.0
clf_637,0.0
clf_638,0.0
clf_639,1.0
clf_640,0.0
clf_641,0.0
clf_642,0.0
clf_643,0.0
clf_644,0.0
clf_645,0.0
clf_646,0.0
clf_647,0.0
clf_648,1.0
clf_649,1.0
clf_650,1.0
clf_651,1.0
clf_652,1.0
clf_653,0.0
clf_654,0.0
clf_655,0.0
clf_656,0.0
clf_657,0.0
clf_658,0.0
clf_659,0.0
clf_660,0.0
clf_661,0.0
clf_662,0.0
clf_663,0.0
clf_664,0.0
clf_665,0.0
clf_666,1.0
clf_667,1.0
clf_668,0.0
clf_669,1.0
clf_670,1.0
clf_671,0.0
clf_672,0.0
clf_673,0.0
clf_674,1.0
clf_675,0.0
clf_676,0.0
clf_677,0.0
clf_678,0.0
clf_679,0.0
clf_680,0.0
clf_681,0.0
clf_682,1.0
clf_683,1.0
clf_684,0.0
clf_685,0.0
clf_686,0.0
clf_687,0.0
clf_688,0.0
clf_689,0.0
clf_690,0.0
clf_691,0.0
clf_692,0.0
clf_693,0.0
clf_694,0.0
clf_695,1.0
clf_696,0.0
clf_697,0.0
clf_698,0.0
clf_699,1.0
clf_700,0.0
clf_701,0.0
clf_702,0.0
clf_703,1.0
clf_704,0.0
clf_705,0.0
clf_706,0.0
clf_707,0.0
clf_708,0.0
clf_709,0.0
clf_710,1.0
clf_711,0.0
clf_712,0.0
clf_713,1.0
clf_714,0.0
clf_715,1.0
clf_716,0.0
clf_717,1.0
clf_718,0.0
clf_719,0.0
clf_720,0.0
clf_721,0.0
clf_722,0.0
clf_723,1.0
clf_724,1.0
clf_725,0.0
clf_726,1.0
clf_727,0.0
clf_728,1.0
clf_729,0.0
clf_730,0.0
clf_731,0.0
clf_732,1.0
clf_733,0.0
clf_734,0.0
clf_735,0.0
clf_736,0.0
clf_737,0.0
clf_738,0.0
clf_739,0.0
clf_740,0.0
clf_741,1.0
clf_742,0.0
clf_743,0.0
clf_744,0.0
clf_745,0.0
clf_746,1.0
clf_747,0.0
clf_748,0.0
clf_749,0.0
clf_750,0.0
clf_751,0.0
clf_752,1.0
clf_753,0.0
clf_754,0.0
clf_755,0.0
clf_756,0.0
clf_757,1.0
clf_758,0.0
clf_759,0.0
clf_760,1.0
clf_761,0.0
clf_762,0.0
clf_763,0.0
clf_764,0.0
clf_765,0.0
clf_766,0.0
clf_767,0.0
clf_768,0.0
clf_769,0.0
clf_770,1.0
clf_771,0.0
clf_772,0.0
clf_773,0.0
clf_774,0.0
clf_775,1.0
clf_776,0.0
clf_777,0.0
clf_778,0.0
clf_779,0.0
clf_780,0.0
clf_781,0.0
clf_782,0.0
clf_783,0.0
clf_784,0.0
clf_785,0.0
clf_786,0.0
clf_787,0.0
clf_788,0.0
clf_789,0.0
clf_790,0.0
clf_791,0.0
clf_792,0.0
clf_793,1.0
clf_794,0.0
clf_795,0.0
clf_796,0.0
clf_797,0.0
clf_798,0.0
clf_799,1.0
clf_800,0.0
clf_801,1.0
clf_802,0.0
clf_803,0.0
clf_804,0.0
clf_805,1.0
clf_806,0.0
clf_807,0.0
clf_808,0.0
clf_809,0.0
clf_810,0.0
clf_811,0.0
clf_812,0.0
clf_813,0.0
clf_814,0.0
clf_815,0.0
clf_816,1.0
clf_817,0.0
clf_818,1.0
clf_819,0.0
clf_820,0.0
clf_821,0.0
clf_822,0.0
clf_823,0.0
clf_824,0.0
clf_825,1.0
clf_826,0.0
clf_827,0.0
clf_828,0.0
clf_829,0.0
clf_830,0.0
clf_831,0.0
clf_832,1.0
clf_833,0.0
clf_834,0.0
clf_835,1.0
clf_836,0.0
clf_837,0.0
clf_838,0.0
clf_839,0.0
clf_840,0.0
clf_841,0.0
clf_842,0.0
clf_843,0.0
clf_844,0.0
clf_845,0.0
clf_846,0.0
clf_847,0.0
clf_848,0.0
clf_849,1.0
clf_850,0.0
clf_851,0.0
clf_852,0.0
clf_853,1.0
clf_854,0.0
clf_855,0.0
clf_856,0.0
clf_857,1.0
clf_858,0.0
clf_859,1.0
clf_860,0.0
clf_861,0.0
clf_862,1.0
clf_863,1.0
clf_864,0.0
clf_865,0.0
clf_866,0.0
clf_867,0.0
clf_868,0.0
clf_869,1.0
clf_870,0.0
clf_871,1.0
clf_872,0.0
clf_873,0.0
clf_874,0.0
clf_875,0.0
clf_876,0.0
clf_877,0.0
clf_878,0.0
clf_879,0.0
clf_880,0.0
clf_881,0.0
clf_882,1.0
clf_883,0.0
clf_884,0.0
clf_885,1.0
clf_886,1.0
clf_887,0.0
clf_888,1.0
clf_889,0.0
clf_890,1.0
clf_891,0.0
clf_892,1.0
clf_893,0.0
clf_894,0.0
clf_895,0.0
clf_896,0.0
clf_897,0.0
clf_898,0.0
clf_899,1.0
clf_900,1.0
clf_901,0.0
clf_902,1.0
clf_903,0.0
clf_904,0.0
clf_905,0.0
clf_906,0.0
clf_907,0.0
clf_908,0.0
clf_909,0.0
clf_910,0.0
clf_911,0.0
clf_912,0.0
clf_913,0.0
clf_914,0.0
clf_915,0.0
clf_916,1.0
clf_917,0.0
clf_918,0.0
clf_919,0.0
clf_920,0.0
clf_921,1.0
clf_922,0.0
clf_923,1.0
clf_924,1.0
clf_925,0.0
clf_926,0.0
clf_927,1.0
clf_928,0.0
clf_929,1.0
clf_930,0.0
clf_931,0.0
clf_932,1.0
clf_933,0.0
clf_934,0.0
clf_935,0.0
clf_936,0.0
clf_937,0.0
clf_938,0.0
clf_939,0.0
clf_940,0.0
clf_941,1.0
clf_942,0.0
clf_943,0.0
clf_944,1.0
clf_945,0.0
clf_946,0.0
clf_947,0.0
clf_948,1.0
clf_949,0.0
clf_950,0.0
clf_951,0.0
clf_952,0.0
clf_953,0.0
clf_954,0.0
clf_955,1.0
clf_956,1.0
clf_957,0.0
clf_958,0.0
clf_959,0.0
clf_960,0.0
clf_961,0.0
clf_962,0.0
clf_963,0.0
clf_964,0.0
clf_965,0.0
clf_966,0.0
clf_967,0.0
clf_968,0.0
clf_969,0.0
clf_970,0.0
clf_971,0.0
clf_972,0.0
clf_973,0.0
clf_974,0.0
clf_975,1.0
clf_976,0.0
clf_977,0.0
clf_978,0.0
clf_979,0.0
clf_980,1.0
clf_981,0.0
clf_982,0.0
clf_983,0.0
clf_984,1.0
clf_985,0.0
clf_986,0.0
clf_987,1.0
clf_988,1.0
clf_989,0.0
clf_990,0.0
clf_991,0.0
clf_992,0.0
clf_993,1.0
clf_994,0.0
clf_995,0.0
clf_996,0.0
clf_997,0.0
clf_998,1.0
clf_999,0.0
clf_1000,0.0
clf_1001,0.0
clf_1002,0.0
clf_1003,0.0
clf_1004,0.0
clf_1005,0.0
clf_1006,0.0
clf_1007,0.0
clf_1008,0.0
clf_1009,0.0
clf_1010,0.0
clf_1011,0.0
clf_1012,0.0
clf_1013,0.0
clf_1014,0.0
clf_1015,0.0
clf_1016,0.0
clf_1017,0.0
clf_1018,0.0
clf_1019,1.0
clf_1020,0.0
clf_1021,0.0
clf_1022,0.0
clf_1023,1.0
clf_1024,0.0
clf_1025,0.0
clf_1026,0.0
clf_1027,0.0
clf_1028,0.0
clf_1029,1.0
clf_1030,0.0
clf_1031,1.0
clf_1032,0.0
clf_1033,0.0
clf_1034,1.0
clf_1035,0.0
clf_1036,0.0
clf_1037,1.0
clf_1038,0.0
clf_1039,0.0
clf_1040,0.0
clf_1041,0.0
clf_1042,0.0
clf_1043,0.0
clf_1044,0.0
clf_1045,1.0
clf_1046,1.0
clf_1047,0.0
clf_1048,0.0
clf_1049,0.0
clf_1050,0.0
clf_1051,0.0
clf_1052,0.0
clf_1053,0.0
clf_1054,0.0
clf_1055,0.0
clf_1056,0.0
clf_1057,0.0
clf_1058,0.0
clf_1059,0.0
clf_1060,0.0
clf_1061,1.0
clf_1062,0.0
clf_1063,0.0
clf_1064,1.0
clf_1065,1.0
clf_1066,0.0
clf_1067,0.0
clf_1068,0.0
clf_1069,0.0
clf_1070,0.0
clf_1071,0.0
clf_1072,1.0
clf_1073,0.0
clf_1074,0.0
clf_1075,0.0
clf_1076,0.0
clf_1077,1.0
clf_1078,0.0
clf_1079,0.0
clf_1080,1.0
clf_1081,0.0
clf_1082,1.0
clf_1083,0.0
clf_1084,0.0
clf_1085,0.0
clf_1086,1.0
clf_1087,1.0
clf_1088,1.0
clf_1089,0.0
clf_1090,0.0
clf_1091,0.0
clf_1092,1.0
clf_1093,1.0
clf_1094,0.0
clf_1095,0.0
clf_1096,0.0
clf_1097,1.0
clf_1098,0.0
clf_1099,0.0
clf_1100,0.0
clf_1101,1.0
clf_1102,1.0
clf_1103,0.0
clf_1104,0.0
clf_1105,1.0
clf_1106,1.0
clf_1107,1.0
clf_1108,1.0
clf_1109,0.0
clf_1110,0.0
clf_1111,0.0
clf_1112,0.0
clf_1113,1.0
clf_1114,1.0
clf_1115,0.0
clf_1116,0.0
clf_1117,1.0
clf_1118,0.0
clf_1119,1.0
clf_1120,0.0
clf_1121,0.0
clf_1122,0.0
clf_1123,0.0
clf_1124,1.0
clf_1125,0.0
clf_1126,1.0
clf_1127,1.0
clf_1128,0.0
clf_1129,1.0
clf_1130,0.0
clf_1131,0.0
clf_1132,1.0
clf_1133,0.0
clf_1134,0.0
clf_1135,0.0
clf_1136,0.0
clf_1137,0.0
clf_1138,0.0
clf_1139,0.0
clf_1140,0.0
clf_1141,0.0
clf_1142,0.0
clf_1143,0.0
clf_1144,1.0
clf_1145,1.0
clf_1146,0.0
clf_1147,0.0
clf_1148,0.0
clf_1149,1.0
clf_1150,0.0
clf_1151,1.0
clf_1152,0.0
clf_1153,0.0
clf_1154,0.0
clf_1155,0.0
clf_1156,1.0
clf_1157,0.0
clf_1158,0.0
clf_1159,0.0
clf_1160,0.0
clf_1161,0.0
clf_1162,0.0
clf_1163,0.0
clf_1164,0.0
clf_1165,1.0
clf_1166,1.0
clf_1167,0.0
clf_1168,0.0
clf_1169,1.0
clf_1170,0.0
clf_1171,0.0
clf_1172,0.0
clf_1173,0.0
clf_1174,0.0
clf_1175,0.0
clf_1176,0.0
clf_1177,0.0
clf_1178,0.0
clf_1179,1.0
clf_1180,0.0
clf_1181,0.0
clf_1182,0.0
clf_1183,0.0
clf_1184,0.0
clf_1185,0.0
clf_1186,0.0
clf_1187,0.0
clf_1188,0.0
clf_1189,1.0
clf_1190,1.0
clf_1191,0.0
clf_1192,1.0
clf_1193,0.0
clf_1194,0.0
clf_1195,0.0
clf_1196,1.0
clf_1197,0.0
clf_1198,0.0
clf_1199,0.0
clf_1200,1.0
clf_1201,0.0
clf_1202,0.0
clf_1203,0.0
clf_1204,1.0
clf_1205,0.0
clf_1206,0.0
clf_1207,0.0
clf_1208,0.0
clf_1209,0.0
clf_1210,1.0
clf_1211,0.0
clf_1212,1.0
clf_1213,0.0
clf_1214,0.0
clf_1215,0.0
clf_1216,0.0
clf_1217,0.0
clf_1218,1.0
clf_1219,0.0
clf_1220,1.0
clf_1221,0.0
clf_1222,0.0
clf_1223,0.0
clf_1224,0.0
clf_1225,1.0
clf_1226,0.0
clf_1227,0.0
clf_1228,0.0
clf_1229,0.0
clf_1230,1.0
clf_1231,0.0
clf_1232,0.0
clf_1233,1.0
clf_1234,0.0
clf_1235,0.0
clf_1236,0.0
clf_1237,0.0
clf_1238,0.0
clf_1239,0.0
clf_1240,0.0
clf_1241,1.0
clf_1242,1.0
clf_1243,0.0
clf_1244,1.0
clf_1245,1.0
clf_1246,0.0
clf_1247,0.0
clf_1248,0.0
clf_1249,0.0
clf_1250,0.0
clf_1251,0.0
clf_1252,0.0
clf_1253,0.0
clf_1254,1.0
clf_1255,1.0
clf_1256,1.0
clf_1257,1.0
clf_1258,0.0
clf_1259,0.0
clf_1260,1.0
clf_1261,1.0
clf_1262,0.0
clf_1263,1.0
clf_1264,0.0
clf_1265,1.0
clf_1266,0.0
clf_1267,0.0
clf_1268,1.0
clf_1269,0.0
clf_1270,0.0
clf_1271,0.0
clf_1272,0.0
clf_1273,0.0
clf_1274,0.0
clf_1275,0.0
clf_1276,0.0
clf_1277,0.0
clf_1278,0.0
clf_1279,0.0
clf_1280,0.0
clf_1281,1.0
clf_1282,0.0
clf_1283,0.0
clf_1284,0.0
clf_1285,1.0
clf_1286,0.0
clf_1287,0.0
clf_1288,0.0
clf_1289,1.0
clf_1290,0.0
clf_1291,0.0
clf_1292,0.0
clf_1293,0.0
clf_1294,0.0
clf_1295,0.0
clf_1296,0.0
clf_1297,0.0
clf_1298,0.0
clf_1299,1.0
clf_1300,1.0
clf_1301,0.0
clf_1302,0.0
clf_1303,0.0
clf_1304,0.0
clf_1305,1.0
clf_1306,0.0
clf_1307,0.0
clf_1308,1.0
clf_1309,0.0
clf_1310,0.0
clf_1311,1.0
clf_1312,0.0
clf_1313,0.0
clf_1314,0.0
clf_1315,0.0
clf_1316,0.0
clf_1317,0.0
clf_1318,0.0
clf_1319,0.0
clf_1320,0.0
clf_1321,0.0
clf_1322,0.0
clf_1323,0.0
clf_1324,0.0
clf_1325,0.0
clf_1326,1.0
clf_1327,1.0
clf_1328,1.0
clf_1329,0.0
clf_1330,0.0
clf_1331,1.0
clf_1332,0.0
clf_1333,0.0
clf_1334,0.0
clf_1335,1.0
clf_1336,1.0
clf_1337,0.0
clf_1338,1.0
clf_1339,0.0
clf_1340,1.0
clf_1341,0.0
clf_1342,0.0
clf_1343,0.0
clf_1344,0.0
clf_1345,0.0
clf_1346,0.0
clf_1347,0.0
clf_1348,0.0
clf_1349,0.0
clf_1350,0.0
clf_1351,1.0
clf_1352,0.0
clf_1353,0.0
clf_1354,0.0
clf_1355,0.0
clf_1356,1.0
clf_1357,0.0
clf_1358,1.0
clf_1359,0.0
clf_1360,0.0
clf_1361,0.0
clf_1362,1.0
clf_1363,0.0
clf_1364,0.0
clf_1365,0.0
clf_1366,0.0
clf_1367,0.0
clf_1368,0.0
clf_1369,0.0
clf_1370,0.0
clf_1371,0.0
clf_1372,1.0
clf_1373,0.0
clf_1374,0.0
clf_1375,1.0
clf_1376,1.0
clf_1377,0.0
clf_1378,0.0
clf_1379,0.0
clf_1380,0.0
clf_1381,1.0
clf_1382,0.0
clf_1383,1.0
clf_1384,0.0
clf_1385,0.0
clf_1386,0.0
clf_1387,0.0
clf_1388,0.0
clf_1389,0.0
clf_1390,0.0
clf_1391,0.0
clf_1392,1.0
clf_1393,0.0
clf_1394,0.0
clf_1395,0.0
clf_1396,0.0
clf_1397,0.0
clf_1398,1.0
clf_1399,0.0
clf_1400,0.0
clf_1401,0.0
clf_1402,0.0
clf_1403,0.0
clf_1404,0.0
clf_1405,0.0
clf_1406,0.0
reg_0,8924.407244424483
reg_1,7116.2950175763635
reg_2,36909.013521437286
reg_3,9507.874691179584
reg_4,27013.35000789629
reg_5,10790.779561528603
reg_6,226.29844570865498
reg_7,16942.7159994116
reg_8,1056.6307940730294
reg_9,11267.91997309121
reg_10,28048.59793154583
reg_11,9424.363240872224
reg_12,5326.322320880679
reg_13,38460.06017921533
reg_14,40303.40597025638
reg_15,37147.01010261605
reg_16,15287.91876683806
reg_17,35965.05485916503
reg_18,9179.175306704428
reg_19,31510.831984904566
reg_20,3797.7906836478614
reg_21,10070.82803303941
reg_22,2312.5755134799656
reg_23,7074.413481944483
reg_24,11352.372243567735
reg_25,12907.770795230981
reg_26,14448.846787273365
reg_27,6205.659979213318
reg_28,9917.008396380274
reg_29,2239.5003281871686
reg_30,9060.554690429568
reg_31,13120.5621453539
reg_32,4617.707028222614
reg_33,3467.912189255532
reg_34,4402.748218546076
reg_35,12967.916089067143
reg_36,1927.4449894432055
reg_37,8757.918008100592
reg_38,33324.35180596779
reg_39,32638.476970255637
reg_40,3852.417566153741
reg_41,4370.3967088310965
reg_42,14080.760232344697
reg_43,11478.634025764759
reg_44,8829.261359237631
reg_45,12046.15119132589
reg_46,5322.805157305653
reg_47,3100.711824838607
reg_48,35546.60547573809
reg_49,9201.611968173902
reg_50,15894.237633409988
reg_51,2406.040036074457
reg_52,12397.520525442642
reg_53,1433.9061738651253
reg_54,13448.140943040738
reg_55,12519.541745993532
reg_56,4295.286646086863
reg_57,32202.679822244172
reg_58,13263.17127799582
reg_59,12842.10998145335
reg_60,14111.936657925233
reg_61,10551.593613631687
reg_62,16298.16745307208
reg_63,7818.155704192161
reg_64,11787.572676697337
reg_65,4113.268973662038
reg_66,26596.698952991697
reg_67,10998.864883637229
reg_68,2193.7274835280914
reg_69,6139.3558724618615
reg_70,10668.535691819723
reg_71,11573.906631403692
reg_72,11041.122650490519
reg_73,9226.584056813366
reg_74,12007.44404757022
reg_75,6811.432602466777
reg_76,7191.835346347243
reg_77,10790.05517481933
reg_78,6639.372397479963
reg_79,8711.931185119016
reg_80,3824.7558117479966
reg_81,36583.59532017078
reg_82,6321.812414865535
reg_83,30776.79577931208
reg_84,34875.57159271574
reg_85,35221.47920523885
reg_86,7079.617391900918
reg_87,12906.650577810817
reg_88,9989.16646650441
reg_89,14409.608089413936
reg_90,17632.66059002663
reg_91,35329.86034800412
reg_92,32980.238828289606
reg_93,6136.208379459835
reg_94,32051.98799936929
reg_95,9422.402909352839
reg_96,29504.901967143363
reg_97,3732.7393764187527
reg_98,28359.800709474228
reg_99,5779.658258379981
reg_100,5456.761783706932
reg_101,1827.6947336873218
reg_102,11549.90308087161
reg_103,15012.886134850001
reg_104,11657.945227818922
reg_105,4363.646128571558
reg_106,9957.825914894753
reg_107,31781.666675038447
reg_108,-129.15666671360668
reg_109,32890.396939859114
reg_110,3219.1855391647296
reg_111,10224.500530692943
reg_112,14265.389580828194
reg_113,31584.361141224515
reg_114,11409.596100072571
reg_115,3867.7551096626557
reg_116,13059.649529686632
reg_117,31756.326788956198
reg_118,8214.159490092117
reg_119,3287.684823408028
reg_120,8383.132428162402
reg_121,10636.53442336185
reg_122,15157.795678515873
reg_123,5702.50803854138
reg_124,3836.577113436777
reg_125,10272.534980327177
reg_126,10956.58803241835
reg_127,11071.812226929038
reg_128,14496.652938738536
reg_129,7476.929795412825
reg_130,5450.783871804704
reg_131,9288.297810357473
reg_132,9399.101307234732
reg_133,12476.319679454611
reg_134,8278.367821453621
reg_135,15269.653504871718
reg_136,8352.07732639989
reg_137,31738.375076988377
reg_138,35819.09193739589
reg_139,31547.647576471245
reg_140,6063.620043309058
reg_141,12551.292145675763
reg_142,6068.876709792696
reg_143,14599.41823770555
reg_144,2561.4556133229034
reg_145,32910.51327403
reg_146,6315.23815744959
reg_147,4979.526195619181
reg_148,14384.66253028051
reg_149,6884.145336842992
reg_150,38706.089361876264
reg_151,3136.5787573096877
reg_152,5933.0967291250945
reg_153,31625.643506837136
reg_154,11596.314823353632
reg_155,8417.738140177522
reg_156,14754.033997820627
reg_157,9879.463138461395
reg_158,27160.437172868318
reg_159,33395.00044119228
reg_160,14499.085586914354
reg_161,1735.9641175733723
reg_162,13118.539132611631
reg_163,2176.900384131317
reg_164,5388.372365203484
reg_165,11622.935264159298
reg_166,39740.865550876544
reg_167,36545.08554992725
reg_168,33944.736871102985
reg_169,3840.126402945916
reg_170,7412.534767415616
reg_171,8602.72483010826
reg_172,12382.555756534568
reg_173,4865.646307896392
reg_174,1994.4568408307277
reg_175,32178.795073509456
reg_176,25053.783583879806
reg_177,17536.06907271192
reg_178,26471.068798853346
reg_179,10217.731155707685
reg_180,37210.33469860319
reg_181,-477.16780370725246
reg_182,6841.297336027956
reg_183,7720.381301079413
reg_184,4324.628259322901
reg_185,5148.09331139962
reg_186,5866.888470751803
reg_187,4252.375844582664
reg_188,15235.177919821386
reg_189,11184.091529009764
reg_190,6865.810925578653
reg_191,2473.473363186864
reg_192,1492.0461941632984
reg_193,31876.362482070144
reg_194,16467.917085282403
reg_195,12070.843189489418
reg_196,1321.2739761953417
reg_197,12481.984041358313
reg_198,1516.496113852947
reg_199,8688.359986382822
reg_200,1929.994566286172
reg_201,33965.04310922773
reg_202,10902.161797026585
reg_203,2652.651983138847
reg_204,25737.234943931064
reg_205,26409.75401731082
reg_206,9484.120069409657
reg_207,1858.0514631227052
reg_208,13312.360962373137
reg_209,1075.2936944524681
reg_210,10343.961431240614
reg_211,10640.163538445964
reg_212,16869.1807443847
reg_213,26909.561541164476
reg_214,7008.93073182937
reg_215,5143.458385541819
reg_216,5911.315807345787
reg_217,13297.217717968959
reg_218,11170.920693473161
reg_219,8419.9703911411
reg_220,5174.405561577971
reg_221,12343.877834479188
reg_222,13902.3023426874
reg_223,35823.297335963354
reg_224,4200.499186033863
reg_225,28974.984556847237
reg_226,-959.2916415658383
reg_227,2918.9425287891936
reg_228,11110.51252039644
reg_229,15731.806074640777
reg_230,5263.762923692548
reg_231,6952.834525040145
reg_232,3804.579870761634
reg_233,31256.712060445214
reg_234,7305.588513617951
reg_235,12461.338305736177
reg_236,5664.217011139384
reg_237,9467.261093980638
reg_238,36360.68777321479
reg_239,4486.612195074345
reg_240,9633.322888783421
reg_241,31093.624761985833
reg_242,5787.940474777601
reg_243,4665.9614219755695
reg_244,1100.685755054752
reg_245,4877.832582522422
reg_246,4521.289931000852
reg_247,6448.758036904104
reg_248,18700.99259397717
reg_249,-1483.1528181468238
reg_250,2319.7980410277887
reg_251,10631.360723743872
reg_252,3100.2784844045545
reg_253,10170.023005273195
reg_254,3777.515582819062
reg_255,5184.560402528119
reg_256,12348.21008640946
reg_257,6259.901287809285
reg_258,8190.479164352373
reg_259,7537.068541445593
reg_260,8973.205056990368
reg_261,10544.17289410714
reg_262,27868.401120987095
reg_263,39116.96866869253
reg_264,11814.555568419588
reg_265,7638.107735595653
reg_266,40959.08172164216
reg_267,12258.228528531652
